category,sitemap_url,job_count
achizitii,https://www.ejobs.ro/sitemap-listings-achizitii.xml,206
administrativ-logistica,https://www.ejobs.ro/sitemap-listings-administrativ-logistica.xml,597
agricultura,https://www.ejobs.ro/sitemap-listings-agricultura.xml,47
alimentatie-horeca,https://www.ejobs.ro/sitemap-listings-alimentatie-horeca.xml,273
altele,https://www.ejobs.ro/sitemap-listings-altele.xml,64
arhitectura-design-interior,https://www.ejobs.ro/sitemap-listings-arhitectura-design-interior.xml,22
asigurari,https://www.ejobs.ro/sitemap-listings-asigurari.xml,101
au-pair-babysitter-curatenie,https://www.ejobs.ro/sitemap-listings-au-pair-babysitter-curatenie.xml,30
audit-consultanta,https://www.ejobs.ro/sitemap-listings-audit-consultanta.xml,41
auto-echipamente,https://www.ejobs.ro/sitemap-listings-auto-echipamente.xml,153
automatizari,https://www.ejobs.ro/sitemap-listings-automatizari.xml,47
banci,https://www.ejobs.ro/sitemap-listings-banci.xml,190
cercetare-dezvoltare,https://www.ejobs.ro/sitemap-listings-cercetare-dezvoltare.xml,16
chimie-biochimie,https://www.ejobs.ro/sitemap-listings-chimie-biochimie.xml,31
confectii-design-vestimentar,https://www.ejobs.ro/sitemap-listings-confectii-design-vestimentar.xml,24
constructii-instalatii,https://www.ejobs.ro/sitemap-listings-constructii-instalatii.xml,592
controlul-calitatii,https://www.ejobs.ro/sitemap-listings-controlul-calitatii.xml,53
crewing-casino-entertainment,https://www.ejobs.ro/sitemap-listings-crewing-casino-entertainment.xml,24
educatie-training-arte,https://www.ejobs.ro/sitemap-listings-educatie-training-arte.xml,39
electric,https://www.ejobs.ro/sitemap-listings-electric.xml,87
farmacie,https://www.ejobs.ro/sitemap-listings-farmacie.xml,98
financiar-contabilitate,https://www.ejobs.ro/sitemap-listings-financiar-contabilitate.xml,328
functii-publice,https://www.ejobs.ro/sitemap-listings-functii-publice.xml,1
grafica-webdesign-dtp,https://www.ejobs.ro/sitemap-listings-grafica-webdesign-dtp.xml,18
imobiliare,https://www.ejobs.ro/sitemap-listings-imobiliare.xml,65
import-export,https://www.ejobs.ro/sitemap-listings-import-export.xml,5
inginerie,https://www.ejobs.ro/sitemap-listings-inginerie.xml,231
internet-ecommerce,https://www.ejobs.ro/sitemap-listings-internet-ecommerce.xml,41
it-hardware,https://www.ejobs.ro/sitemap-listings-it-hardware.xml,40
it-software,https://www.ejobs.ro/sitemap-listings-it-software.xml,161
juridic,https://www.ejobs.ro/sitemap-listings-juridic.xml,50
management,https://www.ejobs.ro/sitemap-listings-management.xml,75
marketing,https://www.ejobs.ro/sitemap-listings-marketing.xml,116
medicina-alternativa,https://www.ejobs.ro/sitemap-listings-medicina-alternativa.xml,2
medicina-umana,https://www.ejobs.ro/sitemap-listings-medicina-umana.xml,251
medicina-veterinara,https://www.ejobs.ro/sitemap-listings-medicina-veterinara.xml,21
merchandising-promoteri,https://www.ejobs.ro/sitemap-listings-merchandising-promoteri.xml,30
mlm-vanzari-directe,https://www.ejobs.ro/sitemap-listings-mlm-vanzari-directe.xml,11
naval-aeronautic,https://www.ejobs.ro/sitemap-listings-naval-aeronautic.xml,4
office-secretariat,https://www.ejobs.ro/sitemap-listings-office-secretariat.xml,93
ong-voluntariat,https://www.ejobs.ro/sitemap-listings-ong-voluntariat.xml,4
paza-si-protectie-militar,https://www.ejobs.ro/sitemap-listings-paza-si-protectie-militar.xml,18
personal-calificat,https://www.ejobs.ro/sitemap-listings-personal-calificat.xml,34
petrol-gaze,https://www.ejobs.ro/sitemap-listings-petrol-gaze.xml,19
prelucrarea-lemnului-pvc,https://www.ejobs.ro/sitemap-listings-prelucrarea-lemnului-pvc.xml,8
productie,https://www.ejobs.ro/sitemap-listings-productie.xml,529
proiectare-civila-industriala,https://www.ejobs.ro/sitemap-listings-proiectare-civila-industriala.xml,18
project-management,https://www.ejobs.ro/sitemap-listings-project-management.xml,26
protectia-mediului,https://www.ejobs.ro/sitemap-listings-protectia-mediului.xml,10
protectia-muncii,https://www.ejobs.ro/sitemap-listings-protectia-muncii.xml,22
publicitate,https://www.ejobs.ro/sitemap-listings-publicitate.xml,6
relatii-clienti-call-center,https://www.ejobs.ro/sitemap-listings-relatii-clienti-call-center.xml,217
relatii-publice,https://www.ejobs.ro/sitemap-listings-relatii-publice.xml,8
resurse-umane-psihologie,https://www.ejobs.ro/sitemap-listings-resurse-umane-psihologie.xml,122
saloane-clinici-frumusete,https://www.ejobs.ro/sitemap-listings-saloane-clinici-frumusete.xml,22
sanitar,https://www.ejobs.ro/sitemap-listings-sanitar.xml,7
service-reparatii,https://www.ejobs.ro/sitemap-listings-service-reparatii.xml,101
specialisti-tehnicieni,https://www.ejobs.ro/sitemap-listings-specialisti-tehnicieni.xml,62
sport-wellness,https://www.ejobs.ro/sitemap-listings-sport-wellness.xml,20
statistica-matematica,https://www.ejobs.ro/sitemap-listings-statistica-matematica.xml,3
telecomunicatii,https://www.ejobs.ro/sitemap-listings-telecomunicatii.xml,28
termice,https://www.ejobs.ro/sitemap-listings-termice.xml,3
tipografii-edituri,https://www.ejobs.ro/sitemap-listings-tipografii-edituri.xml,5
traduceri,https://www.ejobs.ro/sitemap-listings-traduceri.xml,2
transport-distributie,https://www.ejobs.ro/sitemap-listings-transport-distributie.xml,215
turism-hotel-staff,https://www.ejobs.ro/sitemap-listings-turism-hotel-staff.xml,59
vanzari,https://www.ejobs.ro/sitemap-listings-vanzari.xml,1543
